<?xml version="1.0" encoding="UTF-8" standalone="no"?>
<oneoff_actions>
    <oracle.oracore.rsf opt_req="O" version="19.0.0.0.0">
        <copy backup_in_zip="false" file_name="oracore/zoneinfo/timezlrg_42.dat" name="timezlrg_42.dat" path="%ORACLE_HOME%/oracore/zoneinfo" retain_permission="true" shaolue="9E1E92616A6825D21B075FE4DA25DE137027D8E8"/>
        <copy backup_in_zip="false" file_name="oracore/zoneinfo/big/timezlrg_42.dat" name="timezlrg_42.dat" path="%ORACLE_HOME%/oracore/zoneinfo/big" retain_permission="true" shaolue="9E1E92616A6825D21B075FE4DA25DE137027D8E8"/>
        <copy backup_in_zip="false" file_name="oracore/zoneinfo/little/timezlrg_42.dat" name="timezlrg_42.dat" path="%ORACLE_HOME%/oracore/zoneinfo/little" retain_permission="true" shaolue="9E1E92616A6825D21B075FE4DA25DE137027D8E8"/>
        <copy backup_in_zip="false" file_name="oracore/zoneinfo/timezone_42.dat" name="timezone_42.dat" path="%ORACLE_HOME%/oracore/zoneinfo" retain_permission="true" shaolue="7F6838BBD766A5B8EFDCE6F526E343D75999BA55"/>
        <copy backup_in_zip="false" file_name="oracore/zoneinfo/big/timezone_42.dat" name="timezone_42.dat" path="%ORACLE_HOME%/oracore/zoneinfo/big" retain_permission="true" shaolue="7F6838BBD766A5B8EFDCE6F526E343D75999BA55"/>
        <copy backup_in_zip="false" file_name="oracore/zoneinfo/little/timezone_42.dat" name="timezone_42.dat" path="%ORACLE_HOME%/oracore/zoneinfo/little" retain_permission="true" shaolue="7F6838BBD766A5B8EFDCE6F526E343D75999BA55"/>
        <copy backup_in_zip="false" file_name="oracore/zoneinfo/readme_42.txt" name="readme_42.txt" path="%ORACLE_HOME%/oracore/zoneinfo" retain_permission="true" shaolue="72E980D5DA96385621B4D9516FF6EEA6A9643580"/>
    </oracle.oracore.rsf>
</oneoff_actions>
